{
    "accuracy": 0.9431192660550459,
    "precision": 0.7913669064748201,
    "recall": 0.7692307692307693,
    "auc": 0.9330199895141817
}
